topic,current_title,keywords
YouTube SEO,My YouTube SEO is not working,"youtube seo, video titles, watch time"
Instagram Reels Hooks,How to write hooks for IG reels,"instagram hooks, shorts scripts, engagement"
TikTok Growth,Why my TikTok is stuck at 1k views,"tiktok algorithm, short form, retention"
YouTube Thumbnail Design,My thumbnails are not clickable,"thumbnail design, contrast, click through rate"
YouTube Shorts Strategy,I post daily shorts and get no subs,"shorts strategy, hooks, pacing"
Twitter Thread Writing,My threads never get picked up,"twitter threads, writing, hooks"
LinkedIn Carousel Posts,Carousels fail to get impressions,"linkedin carousels, slides, b2b content"
Pinterest Traffic,Pins are not driving clicks,"pinterest seo, pin design, keywords"
YouTube Live Streams,Lives have low concurrency,"live stream, chat prompts, retention"
YouTube Community Posts,Polls get no votes,"community posts, polls, engagement"
Keyword Research,I cannot find keywords with volume,"keyword research, long tail, search intent"
Topical Authority,My site has random posts,"topic clusters, internal links, silos"
On-page SEO,Pages do not rank despite backlinks,"on page seo, title tags, headers"
Content Refresh,Old posts lose traffic,"content update, freshness, pruning"
Internal Linking,I forget to add internal links,"internal links, anchor text, hub pages"
Featured Snippets,I never get snippets,"featured snippet, structured data, schema"
Technical SEO,Crawl budget is wasted,"crawl budget, indexing, sitemap"
E-E-A-T Signals,New site lacks trust,"author bios, references, transparency"
Programmatic SEO,I want 1k landing pages,"programmatic seo, templates, scale"
Affiliate SEO,Money pages have high bounce,"affiliate content, comparison tables, intent"
Product Page Copy,Product pages feel generic,"product copy, benefits, proof"
Checkout Dropoff,Abandoned carts keep rising,"checkout optimization, trust badges, shipping"
Email Welcome Flow,Welcome emails get low clicks,"welcome flow, subject lines, CTA"
UGC For PDPs,Reviews do not move conversions,"ugc, social proof, star ratings"
Landing Page Testing,A/B tests are inconclusive,"landing page, ab test, sample size"
Bundles And Upsells,AOV is flat,"bundles, upsell, cross sell"
SMS Campaigns,Texts get opt outs,"sms, timing, segmentation"
Referral Program,Referrals are not happening,"referral program, incentives, share link"
Loyalty Points,Customers do not redeem,"loyalty, rewards, retention"
Product Photography,Photos look inconsistent,"product photography, lighting, color"
Japan Itinerary,Rushed two weeks in Japan,"tokyo, kyoto, osaka itinerary"
Italy Road Trip,"Too many cities, too little time","italy itinerary, tuscany, amalfi"
Budget Thailand,Overspent on islands,"thailand budget, islands, itinerary"
New York Weekend,Crowds killed our plans,"nyc itinerary, hidden gems, food"
Paris In Winter,Cold ruined the vibe,"paris itinerary, winter, museums"
Elden Ring Build,Glass cannon keeps dying,"elden ring build, vigor, talismans"
Valorant Ranks,Hard stuck gold,"valorant aim, crosshair, utility"
League Macro,Lose every mid game,"macro, objectives, vision control"
Minecraft Speedrun,Enter nether too slow,"minecraft speedrun, route, rng"
Fortnite Settings,FPS drops on endgame,"fortnite settings, performance, input lag"
Morning Skincare,Routine is too long,"skincare routine, spf, vitamin c"
Capsule Wardrobe,Closet feels messy,"capsule wardrobe, staples, outfits"
Curly Hair Care,Frizz every afternoon,"curly hair, gel cast, refresh"
Makeup For Zoom,Camera washes me out,"zoom makeup, lighting, foundation"
Fragrance Layering,Scents fade too fast,"fragrance layering, longevity, notes"
Beginner Strength Plan,No progress after a month,"beginner strength, progressive overload, form"
Running Without Injury,Shin splints again,"running injury, cadence, shoes"
Home Gym Setup,Space is too small,"home gym, equipment, programming"
Meal Prep For Work,Lunches feel bland,"meal prep, protein, budget"
Sleep Hygiene,Wide awake at 2am,"sleep hygiene, routine, blue light"
